<?xml version="1.0" encoding="UTF-8"?>
<project-private xmlns="http://www.netbeans.org/ns/project-private/1">
    <editor-bookmarks xmlns="http://www.netbeans.org/ns/editor-bookmarks/2" lastBookmarkId="0"/>
    <open-files xmlns="http://www.netbeans.org/ns/projectui-open-files/2">
        <group>
            <file>file:/C:/Users/Rishika/Documents/NetBeansProjects/PhoneDirectory/src/phonedirectory/UpdateNameInfo.java</file>
            <file>file:/C:/Users/Rishika/Documents/NetBeansProjects/PhoneDirectory/src/phonedirectory/UpdateDateInfo.java</file>
            <file>file:/C:/Users/Rishika/Documents/NetBeansProjects/PhoneDirectory/src/phonedirectory/UpdateAddress.java</file>
            <file>file:/C:/Users/Rishika/Documents/NetBeansProjects/PhoneDirectory/src/phonedirectory/AddContact.java</file>
            <file>file:/C:/Users/Rishika/Documents/NetBeansProjects/PhoneDirectory/src/phonedirectory/ContactFrame.java</file>
            <file>file:/C:/Users/Rishika/Documents/NetBeansProjects/PhoneDirectory/src/phonedirectory/UpdatePhoneInfo.java</file>
        </group>
    </open-files>
</project-private>
